<?xml version="1.0" encoding="UTF-8" ?>
<extension key="nz.co.fuzion.paystation" type="payment">
  <downloadUrl>https://github.com/downloads/eileenmcnaughton/nz.co.fuzion.omngateway/nz.co.fuzion.omngateway.zip</downloadUrl>
  <file>nz.co.fuzion.omngateway</file>
  <name>nz.co.fuzion.omngateway</name>
  <description>OmnGateway</description>
  <urls>
    <url desc="Main Extension Page"></url>
    <url desc="Documentation"></url>
    <url desc="Support"></url>
    <url desc="Licensing"></url>
  </urls>
  <license>AGPL</license>
  <maintainer>
    <author>Eileen McNaughton</author>
    <email>eileen@fuzion.co.nz</email>
  </maintainer>
  <releaseDate>2012-02-13</releaseDate>
  <version>1.0</version>
  <develStage>live</develStage>
  <compatibility><ver>4.0</ver></compatibility>
  <comments></comments>
  <typeInfo>
    <userNameLabel>username</userNameLabel>
    <passwordLabel>password</passwordLabel>
    <signatureLabel></signatureLabel>
    <subjectLabel></subjectLabel>
    <urlSiteDefault>https://omngateway.net/authorize</urlSiteDefault>
    <urlApiDefault></urlApiDefault>
    <urlRecurDefault></urlRecurDefault>
    <urlSiteTestDefault>https://omngateway.net/authorize</urlSiteTestDefault>
    <urlApiTestDefault>/</urlApiTestDefault>
    <urlRecurTestDefault></urlRecurTestDefault>
    <urlButtonDefault></urlButtonDefault>
    <urlButtonTestDefault></urlButtonTestDefault>
    <billingMode>form</billingMode>
    <isRecur>0</isRecur>
    <paymentType>1</paymentType>
  </typeInfo>
</extension> 